{
  "prostate_dice": {
    "mean": 0.7948717951888514,
    "std": 0.4037952749662228,
    "min": 2.388116787654937e-11,
    "max": 1.0,
    "median": 1.0
  },
  "prostate_iou": {
    "mean": 0.7948717951888514,
    "std": 0.4037952749662228,
    "min": 2.388116787654937e-11,
    "max": 1.0,
    "median": 1.0
  },
  "prostate_sensitivity": {
    "mean": 0.7948717951888514,
    "std": 0.4037952749662228,
    "min": 2.388116787654937e-11,
    "max": 1.0,
    "median": 1.0
  },
  "prostate_specificity": {
    "mean": 1.0,
    "std": 0.0,
    "min": 1.0,
    "max": 1.0,
    "median": 1.0
  },
  "prostate_precision": {
    "mean": 1.0,
    "std": 0.0,
    "min": 1.0,
    "max": 1.0,
    "median": 1.0
  },
  "prostate_f1": {
    "mean": 0.7948713980702085,
    "std": 0.40379507244456087,
    "min": 4.776228798967014e-11,
    "max": 0.99999950000025,
    "median": 0.99999950000025
  },
  "prostate_hd": {
    "mean": 204.92307692307693,
    "std": 403.3914803147589,
    "min": 0.0,
    "max": 999.0,
    "median": 0.0
  },
  "prostate_hd95": {
    "mean": 204.92307692307693,
    "std": 403.3914803147589,
    "min": 0.0,
    "max": 999.0,
    "median": 0.0
  },
  "bladder_dice": {
    "mean": 0.8974358978860576,
    "std": 0.30338870549402974,
    "min": 1.4435284564906503e-12,
    "max": 1.0,
    "median": 1.0
  },
  "bladder_iou": {
    "mean": 0.8974358978860576,
    "std": 0.30338870549402974,
    "min": 1.4435284564906503e-12,
    "max": 1.0,
    "median": 1.0
  },
  "bladder_sensitivity": {
    "mean": 0.8974358978860576,
    "std": 0.30338870549402974,
    "min": 1.4435284564906503e-12,
    "max": 1.0,
    "median": 1.0
  },
  "bladder_specificity": {
    "mean": 1.0,
    "std": 0.0,
    "min": 1.0,
    "max": 1.0,
    "median": 1.0
  },
  "bladder_precision": {
    "mean": 1.0,
    "std": 0.0,
    "min": 1.0,
    "max": 1.0,
    "median": 1.0
  },
  "bladder_f1": {
    "mean": 0.8974354496184924,
    "std": 0.3033885524681633,
    "min": 2.8870540259231075e-12,
    "max": 0.99999950000025,
    "median": 0.99999950000025
  },
  "bladder_hd": {
    "mean": 102.46153846153847,
    "std": 303.0853181187958,
    "min": 0.0,
    "max": 999.0,
    "median": 0.0
  },
  "bladder_hd95": {
    "mean": 102.46153846153847,
    "std": 303.0853181187958,
    "min": 0.0,
    "max": 999.0,
    "median": 0.0
  },
  "rectum_dice": {
    "mean": 0.9487179487726292,
    "std": 0.22057244250949293,
    "min": 1.0002000616626816e-10,
    "max": 1.0,
    "median": 1.0
  },
  "rectum_iou": {
    "mean": 0.9487179487726292,
    "std": 0.22057244250949293,
    "min": 1.0002000616626816e-10,
    "max": 1.0,
    "median": 1.0
  },
  "rectum_sensitivity": {
    "mean": 0.9487179487726292,
    "std": 0.22057244250949293,
    "min": 1.0002000616626816e-10,
    "max": 1.0,
    "median": 1.0
  },
  "rectum_specificity": {
    "mean": 1.0,
    "std": 0.0,
    "min": 1.0,
    "max": 1.0,
    "median": 1.0
  },
  "rectum_precision": {
    "mean": 1.0,
    "std": 0.0,
    "min": 1.0,
    "max": 1.0,
    "median": 1.0
  },
  "rectum_f1": {
    "mean": 0.9487174744685724,
    "std": 0.22057233198813736,
    "min": 2.0003981227271608e-10,
    "max": 0.99999950000025,
    "median": 0.99999950000025
  },
  "rectum_hd": {
    "mean": 51.23076923076923,
    "std": 220.35187030193805,
    "min": 0.0,
    "max": 999.0,
    "median": 0.0
  },
  "rectum_hd95": {
    "mean": 51.23076923076923,
    "std": 220.35187030193805,
    "min": 0.0,
    "max": 999.0,
    "median": 0.0
  },
  "mean_dice": {
    "mean": 0.880341880615846,
    "std": 0.2199090651735663,
    "min": 4.178156749976939e-11,
    "max": 1.0,
    "median": 1.0
  },
  "mean_iou": {
    "mean": 0.880341880615846,
    "std": 0.2199090651735663,
    "min": 4.178156749976939e-11,
    "max": 1.0,
    "median": 1.0
  },
  "mean_hd": {
    "mean": 119.53846153846153,
    "std": 219.68915640920238,
    "min": 0.0,
    "max": 999.0,
    "median": 0.0
  },
  "mean_hd95": {
    "mean": 119.53846153846153,
    "std": 219.68915640920238,
    "min": 0.0,
    "max": 999.0,
    "median": 0.0
  }
}